Key,Address,Type,Permission,Actor,Actor Name,Matches ACCOUNT
bBADGER,0x19D97D8fA813EE2f51aD4B4e04EA08bAf4DFfC28,vault,governance,0x21CF9b77F88Adf8F8C98d7E33Fe601DC57bC0893,eth_governance_timelock,False
bBADGER,0x19D97D8fA813EE2f51aD4B4e04EA08bAf4DFfC28,vault,strategist,0x0000000000000000000000000000000000000000,arbitrum_zero,False
bDIGG,0x7e7E112A68d8D2E221E11047a72fFC1065c38e1a,vault,governance,0x21CF9b77F88Adf8F8C98d7E33Fe601DC57bC0893,eth_governance_timelock,False
bDIGG,0x7e7E112A68d8D2E221E11047a72fFC1065c38e1a,vault,strategist,0x0000000000000000000000000000000000000000,arbitrum_zero,False
bDIGG,0x7e7E112A68d8D2E221E11047a72fFC1065c38e1a,vault,guardian,0x6615e67b8B6b6375D38A0A3f937cd8c1a1e96386,eth_guardian,False
bcrvRenBTC,0x6dEf55d2e18486B9dDfaA075bc4e4EE0B28c1545,vault,governance,0xB65cef03b9B89f99517643226d76e286ee999e77,bridge_badger_multisig,True
bcrvRenBTC,0x6dEf55d2e18486B9dDfaA075bc4e4EE0B28c1545,vault,strategist,0x0000000000000000000000000000000000000000,arbitrum_zero,False
bcrvSBTC,0xd04c48A53c111300aD41190D63681ed3dAd998eC,vault,governance,0x21CF9b77F88Adf8F8C98d7E33Fe601DC57bC0893,eth_governance_timelock,False
bcrvSBTC,0xd04c48A53c111300aD41190D63681ed3dAd998eC,vault,strategist,0x0000000000000000000000000000000000000000,arbitrum_zero,False
bcrvTBTC,0xb9D076fDe463dbc9f915E5392F807315Bf940334,vault,governance,0x21CF9b77F88Adf8F8C98d7E33Fe601DC57bC0893,eth_governance_timelock,False
bcrvTBTC,0xb9D076fDe463dbc9f915E5392F807315Bf940334,vault,strategist,0x0000000000000000000000000000000000000000,arbitrum_zero,False
bharvestcrvRenBTC,0xAf5A1DECfa95BAF63E0084a35c62592B774A2A87,vault,governance,0x21CF9b77F88Adf8F8C98d7E33Fe601DC57bC0893,eth_governance_timelock,False
bharvestcrvRenBTC,0xAf5A1DECfa95BAF63E0084a35c62592B774A2A87,vault,strategist,0x0000000000000000000000000000000000000000,arbitrum_zero,False
buniWbtcBadger,0x235c9e24D3FB2FAFd58a2E49D454Fdcd2DBf7FF1,vault,governance,0x21CF9b77F88Adf8F8C98d7E33Fe601DC57bC0893,eth_governance_timelock,False
buniWbtcBadger,0x235c9e24D3FB2FAFd58a2E49D454Fdcd2DBf7FF1,vault,strategist,0x0000000000000000000000000000000000000000,arbitrum_zero,False
bslpWbtcBadger,0x1862A18181346EBd9EdAf800804f89190DeF24a5,vault,governance,0x21CF9b77F88Adf8F8C98d7E33Fe601DC57bC0893,eth_governance_timelock,False
bslpWbtcBadger,0x1862A18181346EBd9EdAf800804f89190DeF24a5,vault,strategist,0x86cbD0ce0c087b482782c181dA8d191De18C8275,eth_badger_wallets_techops_multisig,False
bslpWbtcBadger,0x1862A18181346EBd9EdAf800804f89190DeF24a5,vault,guardian,0x6615e67b8B6b6375D38A0A3f937cd8c1a1e96386,eth_guardian,False
bslpWbtcibBTC,0x8a8FFec8f4A0C8c9585Da95D9D97e8Cd6de273DE,vault,governance,0x21CF9b77F88Adf8F8C98d7E33Fe601DC57bC0893,eth_governance_timelock,False
bslpWbtcibBTC,0x8a8FFec8f4A0C8c9585Da95D9D97e8Cd6de273DE,vault,strategist,0x86cbD0ce0c087b482782c181dA8d191De18C8275,eth_badger_wallets_techops_multisig,False
bslpWbtcibBTC,0x8a8FFec8f4A0C8c9585Da95D9D97e8Cd6de273DE,vault,guardian,0x6615e67b8B6b6375D38A0A3f937cd8c1a1e96386,eth_guardian,False
buniWbtcDigg,0xC17078FDd324CC473F8175Dc5290fae5f2E84714,vault,governance,0x21CF9b77F88Adf8F8C98d7E33Fe601DC57bC0893,eth_governance_timelock,False
buniWbtcDigg,0xC17078FDd324CC473F8175Dc5290fae5f2E84714,vault,strategist,0x86cbD0ce0c087b482782c181dA8d191De18C8275,eth_badger_wallets_techops_multisig,False
buniWbtcDigg,0xC17078FDd324CC473F8175Dc5290fae5f2E84714,vault,guardian,0x6615e67b8B6b6375D38A0A3f937cd8c1a1e96386,eth_guardian,False
bslpWbtcDigg,0x88128580ACdD9c04Ce47AFcE196875747bF2A9f6,vault,governance,0x21CF9b77F88Adf8F8C98d7E33Fe601DC57bC0893,eth_governance_timelock,False
bslpWbtcDigg,0x88128580ACdD9c04Ce47AFcE196875747bF2A9f6,vault,strategist,0x86cbD0ce0c087b482782c181dA8d191De18C8275,eth_badger_wallets_techops_multisig,False
bslpWbtcDigg,0x88128580ACdD9c04Ce47AFcE196875747bF2A9f6,vault,guardian,0x6615e67b8B6b6375D38A0A3f937cd8c1a1e96386,eth_guardian,False
bslpWbtcEth,0x758A43EE2BFf8230eeb784879CdcFF4828F2544D,vault,governance,0x21CF9b77F88Adf8F8C98d7E33Fe601DC57bC0893,eth_governance_timelock,False
bslpWbtcEth,0x758A43EE2BFf8230eeb784879CdcFF4828F2544D,vault,strategist,0x86cbD0ce0c087b482782c181dA8d191De18C8275,eth_badger_wallets_techops_multisig,False
bslpWbtcEth,0x758A43EE2BFf8230eeb784879CdcFF4828F2544D,vault,guardian,0x6615e67b8B6b6375D38A0A3f937cd8c1a1e96386,eth_guardian,False
bcrvHBTC,0x8c76970747afd5398e958bDfadA4cf0B9FcA16c4,vault,governance,0x21CF9b77F88Adf8F8C98d7E33Fe601DC57bC0893,eth_governance_timelock,False
bcrvHBTC,0x8c76970747afd5398e958bDfadA4cf0B9FcA16c4,vault,strategist,0x86cbD0ce0c087b482782c181dA8d191De18C8275,eth_badger_wallets_techops_multisig,False
bcrvHBTC,0x8c76970747afd5398e958bDfadA4cf0B9FcA16c4,vault,guardian,0x6615e67b8B6b6375D38A0A3f937cd8c1a1e96386,eth_guardian,False
bcrvPBTC,0x55912D0Cf83B75c492E761932ABc4DB4a5CB1b17,vault,governance,0x21CF9b77F88Adf8F8C98d7E33Fe601DC57bC0893,eth_governance_timelock,False
bcrvPBTC,0x55912D0Cf83B75c492E761932ABc4DB4a5CB1b17,vault,strategist,0x86cbD0ce0c087b482782c181dA8d191De18C8275,eth_badger_wallets_techops_multisig,False
bcrvPBTC,0x55912D0Cf83B75c492E761932ABc4DB4a5CB1b17,vault,guardian,0x6615e67b8B6b6375D38A0A3f937cd8c1a1e96386,eth_guardian,False
bcrvOBTC,0xf349c0faA80fC1870306Ac093f75934078e28991,vault,governance,0x21CF9b77F88Adf8F8C98d7E33Fe601DC57bC0893,eth_governance_timelock,False
bcrvOBTC,0xf349c0faA80fC1870306Ac093f75934078e28991,vault,strategist,0x86cbD0ce0c087b482782c181dA8d191De18C8275,eth_badger_wallets_techops_multisig,False
bcrvOBTC,0xf349c0faA80fC1870306Ac093f75934078e28991,vault,guardian,0x6615e67b8B6b6375D38A0A3f937cd8c1a1e96386,eth_guardian,False
bcrvBBTC,0x5Dce29e92b1b939F8E8C60DcF15BDE82A85be4a9,vault,governance,0x21CF9b77F88Adf8F8C98d7E33Fe601DC57bC0893,eth_governance_timelock,False
bcrvBBTC,0x5Dce29e92b1b939F8E8C60DcF15BDE82A85be4a9,vault,strategist,0x86cbD0ce0c087b482782c181dA8d191De18C8275,eth_badger_wallets_techops_multisig,False
bcrvBBTC,0x5Dce29e92b1b939F8E8C60DcF15BDE82A85be4a9,vault,guardian,0x6615e67b8B6b6375D38A0A3f937cd8c1a1e96386,eth_guardian,False
bcrvIbBTC,0xaE96fF08771a109dc6650a1BdCa62F2d558E40af,vault,governance,0xB65cef03b9B89f99517643226d76e286ee999e77,bridge_badger_multisig,True
bcrvIbBTC,0xaE96fF08771a109dc6650a1BdCa62F2d558E40af,vault,strategist,0x86cbD0ce0c087b482782c181dA8d191De18C8275,eth_badger_wallets_techops_multisig,False
bcrvIbBTC,0xaE96fF08771a109dc6650a1BdCa62F2d558E40af,vault,guardian,0x6615e67b8B6b6375D38A0A3f937cd8c1a1e96386,eth_guardian,False
bcrvTricrypto,0xBE08Ef12e4a553666291E9fFC24fCCFd354F2Dd2,vault,governance,0x21CF9b77F88Adf8F8C98d7E33Fe601DC57bC0893,eth_governance_timelock,False
bcrvTricrypto,0xBE08Ef12e4a553666291E9fFC24fCCFd354F2Dd2,vault,strategist,0x0000000000000000000000000000000000000000,arbitrum_zero,False
bcrvTricrypto,0xBE08Ef12e4a553666291E9fFC24fCCFd354F2Dd2,vault,guardian,0x6615e67b8B6b6375D38A0A3f937cd8c1a1e96386,eth_guardian,False
bcrvTricrypto2,0x27E98fC7d05f54E544d16F58C194C2D7ba71e3B5,vault,governance,0x21CF9b77F88Adf8F8C98d7E33Fe601DC57bC0893,eth_governance_timelock,False
bcrvTricrypto2,0x27E98fC7d05f54E544d16F58C194C2D7ba71e3B5,vault,strategist,0x86cbD0ce0c087b482782c181dA8d191De18C8275,eth_badger_wallets_techops_multisig,False
bcrvTricrypto2,0x27E98fC7d05f54E544d16F58C194C2D7ba71e3B5,vault,guardian,0x6615e67b8B6b6375D38A0A3f937cd8c1a1e96386,eth_guardian,False
bcvxCRV,0x2B5455aac8d64C14786c3a29858E43b5945819C0,vault,governance,0xB65cef03b9B89f99517643226d76e286ee999e77,bridge_badger_multisig,True
bcvxCRV,0x2B5455aac8d64C14786c3a29858E43b5945819C0,vault,strategist,0x86cbD0ce0c087b482782c181dA8d191De18C8275,eth_badger_wallets_techops_multisig,False
bcvxCRV,0x2B5455aac8d64C14786c3a29858E43b5945819C0,vault,guardian,0x6615e67b8B6b6375D38A0A3f937cd8c1a1e96386,eth_guardian,False
bCVX,0x53C8E199eb2Cb7c01543C137078a038937a68E40,vault,governance,0x21CF9b77F88Adf8F8C98d7E33Fe601DC57bC0893,eth_governance_timelock,False
bCVX,0x53C8E199eb2Cb7c01543C137078a038937a68E40,vault,strategist,0x86cbD0ce0c087b482782c181dA8d191De18C8275,eth_badger_wallets_techops_multisig,False
bCVX,0x53C8E199eb2Cb7c01543C137078a038937a68E40,vault,guardian,0x6615e67b8B6b6375D38A0A3f937cd8c1a1e96386,eth_guardian,False
bveCVX,0xfd05D3C7fe2924020620A8bE4961bBaA747e6305,vault,governance,0xB65cef03b9B89f99517643226d76e286ee999e77,bridge_badger_multisig,True
bveCVX,0xfd05D3C7fe2924020620A8bE4961bBaA747e6305,vault,strategist,0x86cbD0ce0c087b482782c181dA8d191De18C8275,eth_badger_wallets_techops_multisig,False
bveCVX,0xfd05D3C7fe2924020620A8bE4961bBaA747e6305,vault,guardian,0x6615e67b8B6b6375D38A0A3f937cd8c1a1e96386,eth_guardian,False
bimBTC,0x599D92B453C010b1050d31C364f6ee17E819f193,vault,governance,0x21CF9b77F88Adf8F8C98d7E33Fe601DC57bC0893,eth_governance_timelock,False
bimBTC,0x599D92B453C010b1050d31C364f6ee17E819f193,vault,strategist,0x0000000000000000000000000000000000000000,arbitrum_zero,False
bimBTC,0x599D92B453C010b1050d31C364f6ee17E819f193,vault,guardian,0x6615e67b8B6b6375D38A0A3f937cd8c1a1e96386,eth_guardian,False
bFpMbtcHbtc,0x26B8efa69603537AC8ab55768b6740b67664D518,vault,governance,0x21CF9b77F88Adf8F8C98d7E33Fe601DC57bC0893,eth_governance_timelock,False
bFpMbtcHbtc,0x26B8efa69603537AC8ab55768b6740b67664D518,vault,strategist,0x0000000000000000000000000000000000000000,arbitrum_zero,False
bFpMbtcHbtc,0x26B8efa69603537AC8ab55768b6740b67664D518,vault,guardian,0x6615e67b8B6b6375D38A0A3f937cd8c1a1e96386,eth_guardian,False
bbveCVX_CVX_f,0x937B8E917d0F36eDEBBA8E459C5FB16F3b315551,vault,governance,0xB65cef03b9B89f99517643226d76e286ee999e77,bridge_badger_multisig,True
bbveCVX_CVX_f,0x937B8E917d0F36eDEBBA8E459C5FB16F3b315551,vault,strategist,0x86cbD0ce0c087b482782c181dA8d191De18C8275,eth_badger_wallets_techops_multisig,False
bbveCVX_CVX_f,0x937B8E917d0F36eDEBBA8E459C5FB16F3b315551,vault,guardian,0x6615e67b8B6b6375D38A0A3f937cd8c1a1e96386,eth_guardian,False
remBADGER,0x6aF7377b5009d7d154F36FE9e235aE1DA27Aea22,vault,governance,0xB65cef03b9B89f99517643226d76e286ee999e77,bridge_badger_multisig,True
remBADGER,0x6aF7377b5009d7d154F36FE9e235aE1DA27Aea22,vault,strategist,0x0000000000000000000000000000000000000000,arbitrum_zero,False
remBADGER,0x6aF7377b5009d7d154F36FE9e235aE1DA27Aea22,vault,guardian,0x6615e67b8B6b6375D38A0A3f937cd8c1a1e96386,eth_guardian,False
remDIGG,0x99F39D495C6A5237f43602f3Ab5F49786E46c9B0,vault,governance,0xB65cef03b9B89f99517643226d76e286ee999e77,bridge_badger_multisig,True
remDIGG,0x99F39D495C6A5237f43602f3Ab5F49786E46c9B0,vault,strategist,0x0000000000000000000000000000000000000000,arbitrum_zero,False
remDIGG,0x99F39D495C6A5237f43602f3Ab5F49786E46c9B0,vault,guardian,0x6615e67b8B6b6375D38A0A3f937cd8c1a1e96386,eth_guardian,False
bcrvBadger,0xeC1c717A3b02582A4Aa2275260C583095536b613,vault,governance,0xB65cef03b9B89f99517643226d76e286ee999e77,bridge_badger_multisig,True
bcrvBadger,0xeC1c717A3b02582A4Aa2275260C583095536b613,vault,strategist,0x86cbD0ce0c087b482782c181dA8d191De18C8275,eth_badger_wallets_techops_multisig,False
bcrvBadger,0xeC1c717A3b02582A4Aa2275260C583095536b613,vault,guardian,0x6615e67b8B6b6375D38A0A3f937cd8c1a1e96386,eth_guardian,False
graviAURA,0xBA485b556399123261a5F9c95d413B4f93107407,vault,governance,0xB65cef03b9B89f99517643226d76e286ee999e77,bridge_badger_multisig,True
graviAURA,0xBA485b556399123261a5F9c95d413B4f93107407,vault,strategist,0x86cbD0ce0c087b482782c181dA8d191De18C8275,eth_badger_wallets_techops_multisig,False
graviAURA,0xBA485b556399123261a5F9c95d413B4f93107407,vault,guardian,0x6615e67b8B6b6375D38A0A3f937cd8c1a1e96386,eth_guardian,False
bauraBal,0x37d9D2C6035b744849C15F1BFEE8F268a20fCBd8,vault,governance,0xB65cef03b9B89f99517643226d76e286ee999e77,bridge_badger_multisig,True
bauraBal,0x37d9D2C6035b744849C15F1BFEE8F268a20fCBd8,vault,strategist,0x86cbD0ce0c087b482782c181dA8d191De18C8275,eth_badger_wallets_techops_multisig,False
bauraBal,0x37d9D2C6035b744849C15F1BFEE8F268a20fCBd8,vault,guardian,0x6615e67b8B6b6375D38A0A3f937cd8c1a1e96386,eth_guardian,False
b80BADGER_20WBTC,0x63ad745506BD6a3E57F764409A47ed004BEc40b1,vault,governance,0xB65cef03b9B89f99517643226d76e286ee999e77,bridge_badger_multisig,True
b80BADGER_20WBTC,0x63ad745506BD6a3E57F764409A47ed004BEc40b1,vault,strategist,0x86cbD0ce0c087b482782c181dA8d191De18C8275,eth_badger_wallets_techops_multisig,False
b80BADGER_20WBTC,0x63ad745506BD6a3E57F764409A47ed004BEc40b1,vault,guardian,0x6615e67b8B6b6375D38A0A3f937cd8c1a1e96386,eth_guardian,False
b40WBTC_40DIGG_20graviAURA,0x371B7C451858bd88eAf392B383Df8bd7B8955d5a,vault,governance,0xB65cef03b9B89f99517643226d76e286ee999e77,bridge_badger_multisig,True
b40WBTC_40DIGG_20graviAURA,0x371B7C451858bd88eAf392B383Df8bd7B8955d5a,vault,strategist,0x86cbD0ce0c087b482782c181dA8d191De18C8275,eth_badger_wallets_techops_multisig,False
b40WBTC_40DIGG_20graviAURA,0x371B7C451858bd88eAf392B383Df8bd7B8955d5a,vault,guardian,0x6615e67b8B6b6375D38A0A3f937cd8c1a1e96386,eth_guardian,False
bBB_a_USD,0x06D756861De0724FAd5B5636124e0f252d3C1404,vault,governance,0xB65cef03b9B89f99517643226d76e286ee999e77,bridge_badger_multisig,True
bBB_a_USD,0x06D756861De0724FAd5B5636124e0f252d3C1404,vault,strategist,0x86cbD0ce0c087b482782c181dA8d191De18C8275,eth_badger_wallets_techops_multisig,False
bBB_a_USD,0x06D756861De0724FAd5B5636124e0f252d3C1404,vault,guardian,0x6615e67b8B6b6375D38A0A3f937cd8c1a1e96386,eth_guardian,False
b33auraBAL_33graviAURA_33WETH,0xf8f5677B6bCecdb9be94AE8f6770a05a6C53C378,vault,governance,0xB65cef03b9B89f99517643226d76e286ee999e77,bridge_badger_multisig,True
b33auraBAL_33graviAURA_33WETH,0xf8f5677B6bCecdb9be94AE8f6770a05a6C53C378,vault,strategist,0x86cbD0ce0c087b482782c181dA8d191De18C8275,eth_badger_wallets_techops_multisig,False
b33auraBAL_33graviAURA_33WETH,0xf8f5677B6bCecdb9be94AE8f6770a05a6C53C378,vault,guardian,0x6615e67b8B6b6375D38A0A3f937cd8c1a1e96386,eth_guardian,False
bB_stETH_STABLE,0x41466b8ec544e3192Aa1aA30f65fC60FAb4D52Bf,vault,governance,0xB65cef03b9B89f99517643226d76e286ee999e77,bridge_badger_multisig,True
bB_stETH_STABLE,0x41466b8ec544e3192Aa1aA30f65fC60FAb4D52Bf,vault,strategist,0x86cbD0ce0c087b482782c181dA8d191De18C8275,eth_badger_wallets_techops_multisig,False
bB_stETH_STABLE,0x41466b8ec544e3192Aa1aA30f65fC60FAb4D52Bf,vault,guardian,0x6615e67b8B6b6375D38A0A3f937cd8c1a1e96386,eth_guardian,False
bB_rETH_STABLE,0xA484427CF91bbd945c39eF87dF0A02Bb8625dC97,vault,governance,0xB65cef03b9B89f99517643226d76e286ee999e77,bridge_badger_multisig,True
bB_rETH_STABLE,0xA484427CF91bbd945c39eF87dF0A02Bb8625dC97,vault,strategist,0x86cbD0ce0c087b482782c181dA8d191De18C8275,eth_badger_wallets_techops_multisig,False
bB_rETH_STABLE,0xA484427CF91bbd945c39eF87dF0A02Bb8625dC97,vault,guardian,0x6615e67b8B6b6375D38A0A3f937cd8c1a1e96386,eth_guardian,False
native.badger,0x75b8E21BD623012Efb3b69E1B562465A68944eE6,strategy,governance,0xB65cef03b9B89f99517643226d76e286ee999e77,bridge_badger_multisig,True
native.badger,0x75b8E21BD623012Efb3b69E1B562465A68944eE6,strategy,strategist,0xDA25ee226E534d868f0Dd8a459536b03fEE9079b,op_badger_wallets_ops_deployer,False
native.badger,0x75b8E21BD623012Efb3b69E1B562465A68944eE6,strategy,guardian,0x6615e67b8B6b6375D38A0A3f937cd8c1a1e96386,eth_guardian,False
native.renCrv,0x61e16b46F74aEd8f9c2Ec6CB2dCb2258Bdfc7071,strategy,governance,0xB65cef03b9B89f99517643226d76e286ee999e77,bridge_badger_multisig,True
native.renCrv,0x61e16b46F74aEd8f9c2Ec6CB2dCb2258Bdfc7071,strategy,strategist,0x86cbD0ce0c087b482782c181dA8d191De18C8275,eth_badger_wallets_techops_multisig,False
native.renCrv,0x61e16b46F74aEd8f9c2Ec6CB2dCb2258Bdfc7071,strategy,guardian,0x6615e67b8B6b6375D38A0A3f937cd8c1a1e96386,eth_guardian,False
native.sbtcCrv,0xCce0D2d1Eb2310F7e67e128bcFE3CE870A3D3a3d,strategy,governance,0xB65cef03b9B89f99517643226d76e286ee999e77,bridge_badger_multisig,True
native.sbtcCrv,0xCce0D2d1Eb2310F7e67e128bcFE3CE870A3D3a3d,strategy,strategist,0x86cbD0ce0c087b482782c181dA8d191De18C8275,eth_badger_wallets_techops_multisig,False
native.sbtcCrv,0xCce0D2d1Eb2310F7e67e128bcFE3CE870A3D3a3d,strategy,guardian,0x6615e67b8B6b6375D38A0A3f937cd8c1a1e96386,eth_guardian,False
native.tbtcCrv,0xAB73Ec65a1Ef5a2e5b56D5d6F36Bee4B2A1D3FFb,strategy,governance,0xB65cef03b9B89f99517643226d76e286ee999e77,bridge_badger_multisig,True
native.tbtcCrv,0xAB73Ec65a1Ef5a2e5b56D5d6F36Bee4B2A1D3FFb,strategy,strategist,0x86cbD0ce0c087b482782c181dA8d191De18C8275,eth_badger_wallets_techops_multisig,False
native.tbtcCrv,0xAB73Ec65a1Ef5a2e5b56D5d6F36Bee4B2A1D3FFb,strategy,guardian,0x6615e67b8B6b6375D38A0A3f937cd8c1a1e96386,eth_guardian,False
native.uniBadgerWbtc,0x95826C65EB1f2d2F0EDBb7EcB176563B61C60bBf,strategy,governance,0xB65cef03b9B89f99517643226d76e286ee999e77,bridge_badger_multisig,True
native.uniBadgerWbtc,0x95826C65EB1f2d2F0EDBb7EcB176563B61C60bBf,strategy,strategist,0xDA25ee226E534d868f0Dd8a459536b03fEE9079b,op_badger_wallets_ops_deployer,False
native.uniBadgerWbtc,0x95826C65EB1f2d2F0EDBb7EcB176563B61C60bBf,strategy,guardian,0x6615e67b8B6b6375D38A0A3f937cd8c1a1e96386,eth_guardian,False
harvest.renCrv,0xaaE82E3c89e15E6F26F60724f115d5012363e030,strategy,governance,0xB65cef03b9B89f99517643226d76e286ee999e77,bridge_badger_multisig,True
harvest.renCrv,0xaaE82E3c89e15E6F26F60724f115d5012363e030,strategy,strategist,0xDA25ee226E534d868f0Dd8a459536b03fEE9079b,op_badger_wallets_ops_deployer,False
harvest.renCrv,0xaaE82E3c89e15E6F26F60724f115d5012363e030,strategy,guardian,0x6615e67b8B6b6375D38A0A3f937cd8c1a1e96386,eth_guardian,False
native.sushiWbtcEth,0x7A56d65254705B4Def63c68488C0182968C452ce,strategy,governance,0xB65cef03b9B89f99517643226d76e286ee999e77,bridge_badger_multisig,True
native.sushiWbtcEth,0x7A56d65254705B4Def63c68488C0182968C452ce,strategy,strategist,0xDA25ee226E534d868f0Dd8a459536b03fEE9079b,op_badger_wallets_ops_deployer,False
native.sushiWbtcEth,0x7A56d65254705B4Def63c68488C0182968C452ce,strategy,guardian,0x6615e67b8B6b6375D38A0A3f937cd8c1a1e96386,eth_guardian,False
native.sushiBadgerWbtc,0x3a494D79AA78118795daad8AeFF5825C6c8dF7F1,strategy,governance,0xB65cef03b9B89f99517643226d76e286ee999e77,bridge_badger_multisig,True
native.sushiBadgerWbtc,0x3a494D79AA78118795daad8AeFF5825C6c8dF7F1,strategy,strategist,0xDA25ee226E534d868f0Dd8a459536b03fEE9079b,op_badger_wallets_ops_deployer,False
native.sushiBadgerWbtc,0x3a494D79AA78118795daad8AeFF5825C6c8dF7F1,strategy,guardian,0x6615e67b8B6b6375D38A0A3f937cd8c1a1e96386,eth_guardian,False
native.digg,0x4a8651F2edD68850B944AD93f2c67af817F39F62,strategy,governance,0xB65cef03b9B89f99517643226d76e286ee999e77,bridge_badger_multisig,True
native.digg,0x4a8651F2edD68850B944AD93f2c67af817F39F62,strategy,strategist,0xDA25ee226E534d868f0Dd8a459536b03fEE9079b,op_badger_wallets_ops_deployer,False
native.digg,0x4a8651F2edD68850B944AD93f2c67af817F39F62,strategy,guardian,0x6615e67b8B6b6375D38A0A3f937cd8c1a1e96386,eth_guardian,False
native.uniDiggWbtc,0xadc8d7322f2E284c1d9254170dbe311E9D3356cf,strategy,governance,0xB65cef03b9B89f99517643226d76e286ee999e77,bridge_badger_multisig,True
native.uniDiggWbtc,0xadc8d7322f2E284c1d9254170dbe311E9D3356cf,strategy,strategist,0xDA25ee226E534d868f0Dd8a459536b03fEE9079b,op_badger_wallets_ops_deployer,False
native.uniDiggWbtc,0xadc8d7322f2E284c1d9254170dbe311E9D3356cf,strategy,guardian,0x6615e67b8B6b6375D38A0A3f937cd8c1a1e96386,eth_guardian,False
native.sushiDiggWbtc,0xaa8dddfe7DFA3C3269f1910d89E4413dD006D08a,strategy,governance,0xB65cef03b9B89f99517643226d76e286ee999e77,bridge_badger_multisig,True
native.sushiDiggWbtc,0xaa8dddfe7DFA3C3269f1910d89E4413dD006D08a,strategy,strategist,0xDA25ee226E534d868f0Dd8a459536b03fEE9079b,op_badger_wallets_ops_deployer,False
native.sushiDiggWbtc,0xaa8dddfe7DFA3C3269f1910d89E4413dD006D08a,strategy,guardian,0x6615e67b8B6b6375D38A0A3f937cd8c1a1e96386,eth_guardian,False
experimental.sushiIBbtcWbtc,0xf4146A176b09C664978e03d28d07Db4431525dAd,strategy,governance,0xB65cef03b9B89f99517643226d76e286ee999e77,bridge_badger_multisig,True
experimental.sushiIBbtcWbtc,0xf4146A176b09C664978e03d28d07Db4431525dAd,strategy,strategist,0xDA25ee226E534d868f0Dd8a459536b03fEE9079b,op_badger_wallets_ops_deployer,False
experimental.sushiIBbtcWbtc,0xf4146A176b09C664978e03d28d07Db4431525dAd,strategy,guardian,0x6615e67b8B6b6375D38A0A3f937cd8c1a1e96386,eth_guardian,False
experimental.digg,0xA6af1B913E205B8E9B95D3B30768c0989e942316,strategy,governance,0xB65cef03b9B89f99517643226d76e286ee999e77,bridge_badger_multisig,True
experimental.digg,0xA6af1B913E205B8E9B95D3B30768c0989e942316,strategy,strategist,0xDA25ee226E534d868f0Dd8a459536b03fEE9079b,op_badger_wallets_ops_deployer,False
experimental.digg,0xA6af1B913E205B8E9B95D3B30768c0989e942316,strategy,guardian,0x6615e67b8B6b6375D38A0A3f937cd8c1a1e96386,eth_guardian,False
native.hbtcCrv,0x8c26D9B6B80684CC642ED9eb1Ac1729Af3E819eE,strategy,governance,0xB65cef03b9B89f99517643226d76e286ee999e77,bridge_badger_multisig,True
native.hbtcCrv,0x8c26D9B6B80684CC642ED9eb1Ac1729Af3E819eE,strategy,strategist,0x86cbD0ce0c087b482782c181dA8d191De18C8275,eth_badger_wallets_techops_multisig,False
native.hbtcCrv,0x8c26D9B6B80684CC642ED9eb1Ac1729Af3E819eE,strategy,guardian,0x6615e67b8B6b6375D38A0A3f937cd8c1a1e96386,eth_guardian,False
native.pbtcCrv,0xA9A646668Df5Cec5344941646F5c6b269551e53D,strategy,governance,0xB65cef03b9B89f99517643226d76e286ee999e77,bridge_badger_multisig,True
native.pbtcCrv,0xA9A646668Df5Cec5344941646F5c6b269551e53D,strategy,strategist,0x86cbD0ce0c087b482782c181dA8d191De18C8275,eth_badger_wallets_techops_multisig,False
native.pbtcCrv,0xA9A646668Df5Cec5344941646F5c6b269551e53D,strategy,guardian,0x6615e67b8B6b6375D38A0A3f937cd8c1a1e96386,eth_guardian,False
native.obtcCrv,0x5dd69c6D81f0a403c03b99C5a44Ef2D49b66d388,strategy,governance,0xB65cef03b9B89f99517643226d76e286ee999e77,bridge_badger_multisig,True
native.obtcCrv,0x5dd69c6D81f0a403c03b99C5a44Ef2D49b66d388,strategy,strategist,0x86cbD0ce0c087b482782c181dA8d191De18C8275,eth_badger_wallets_techops_multisig,False
native.obtcCrv,0x5dd69c6D81f0a403c03b99C5a44Ef2D49b66d388,strategy,guardian,0x6615e67b8B6b6375D38A0A3f937cd8c1a1e96386,eth_guardian,False
native.bbtcCrv,0xF2F3AB09E2D8986fBECbBa59aE838a5418a6680c,strategy,governance,0xB65cef03b9B89f99517643226d76e286ee999e77,bridge_badger_multisig,True
native.bbtcCrv,0xF2F3AB09E2D8986fBECbBa59aE838a5418a6680c,strategy,strategist,0x86cbD0ce0c087b482782c181dA8d191De18C8275,eth_badger_wallets_techops_multisig,False
native.bbtcCrv,0xF2F3AB09E2D8986fBECbBa59aE838a5418a6680c,strategy,guardian,0x6615e67b8B6b6375D38A0A3f937cd8c1a1e96386,eth_guardian,False
native.tricrypto,0x05eC4356e1acd89CC2d16adC7415c8c95E736AC1,strategy,governance,0xB65cef03b9B89f99517643226d76e286ee999e77,bridge_badger_multisig,True
native.tricrypto,0x05eC4356e1acd89CC2d16adC7415c8c95E736AC1,strategy,strategist,0x55949F769d0aF7453881435612561D109fFF07B8,eth_badger_wallets_test_multisig_1,False
native.tricrypto,0x05eC4356e1acd89CC2d16adC7415c8c95E736AC1,strategy,guardian,0x6615e67b8B6b6375D38A0A3f937cd8c1a1e96386,eth_guardian,False
native.tricrypto2,0x647eeb5C5ED5A71621183f09F6CE8fa66b96827d,strategy,governance,0xB65cef03b9B89f99517643226d76e286ee999e77,bridge_badger_multisig,True
native.tricrypto2,0x647eeb5C5ED5A71621183f09F6CE8fa66b96827d,strategy,strategist,0x86cbD0ce0c087b482782c181dA8d191De18C8275,eth_badger_wallets_techops_multisig,False
native.tricrypto2,0x647eeb5C5ED5A71621183f09F6CE8fa66b96827d,strategy,guardian,0x6615e67b8B6b6375D38A0A3f937cd8c1a1e96386,eth_guardian,False
native.cvxCrv,0x826048381d65a65DAa51342C51d464428d301896,strategy,governance,0xB65cef03b9B89f99517643226d76e286ee999e77,bridge_badger_multisig,True
native.cvxCrv,0x826048381d65a65DAa51342C51d464428d301896,strategy,strategist,0x55949F769d0aF7453881435612561D109fFF07B8,eth_badger_wallets_test_multisig_1,False
native.cvxCrv,0x826048381d65a65DAa51342C51d464428d301896,strategy,guardian,0x6615e67b8B6b6375D38A0A3f937cd8c1a1e96386,eth_guardian,False
native.cvx,0xBCee2c6CfA7A4e29892c3665f464Be5536F16D95,strategy,governance,0xB65cef03b9B89f99517643226d76e286ee999e77,bridge_badger_multisig,True
native.cvx,0xBCee2c6CfA7A4e29892c3665f464Be5536F16D95,strategy,strategist,0x55949F769d0aF7453881435612561D109fFF07B8,eth_badger_wallets_test_multisig_1,False
native.cvx,0xBCee2c6CfA7A4e29892c3665f464Be5536F16D95,strategy,guardian,0x6615e67b8B6b6375D38A0A3f937cd8c1a1e96386,eth_guardian,False
native.mstableImBtc,0xd409C506742b7f76f164909025Ab29A47e06d30A,strategy,governance,0xB65cef03b9B89f99517643226d76e286ee999e77,bridge_badger_multisig,True
native.mstableImBtc,0xd409C506742b7f76f164909025Ab29A47e06d30A,strategy,strategist,0xDA25ee226E534d868f0Dd8a459536b03fEE9079b,op_badger_wallets_ops_deployer,False
native.mstableImBtc,0xd409C506742b7f76f164909025Ab29A47e06d30A,strategy,guardian,0x6615e67b8B6b6375D38A0A3f937cd8c1a1e96386,eth_guardian,False
native.mstableFpMbtcHbtc,0x54D06A0E1cE55a7a60Ee175AbCeaC7e363f603f3,strategy,governance,0xB65cef03b9B89f99517643226d76e286ee999e77,bridge_badger_multisig,True
native.mstableFpMbtcHbtc,0x54D06A0E1cE55a7a60Ee175AbCeaC7e363f603f3,strategy,strategist,0xDA25ee226E534d868f0Dd8a459536b03fEE9079b,op_badger_wallets_ops_deployer,False
native.mstableFpMbtcHbtc,0x54D06A0E1cE55a7a60Ee175AbCeaC7e363f603f3,strategy,guardian,0x6615e67b8B6b6375D38A0A3f937cd8c1a1e96386,eth_guardian,False
native.vestedCVX,0x898111d1F4eB55025D0036568212425EE2274082,strategy,governance,0xB65cef03b9B89f99517643226d76e286ee999e77,bridge_badger_multisig,True
native.vestedCVX,0x898111d1F4eB55025D0036568212425EE2274082,strategy,strategist,0x86cbD0ce0c087b482782c181dA8d191De18C8275,eth_badger_wallets_techops_multisig,False
native.vestedCVX,0x898111d1F4eB55025D0036568212425EE2274082,strategy,guardian,0x6615e67b8B6b6375D38A0A3f937cd8c1a1e96386,eth_guardian,False
native.bbveCVX-CVX-f,0x98Ca7AFa876f0e15494E76E92C5b3658cdE1Ffe1,strategy,governance,0xB65cef03b9B89f99517643226d76e286ee999e77,bridge_badger_multisig,True
native.bbveCVX-CVX-f,0x98Ca7AFa876f0e15494E76E92C5b3658cdE1Ffe1,strategy,strategist,0xB65cef03b9B89f99517643226d76e286ee999e77,bridge_badger_multisig,True
native.bbveCVX-CVX-f,0x98Ca7AFa876f0e15494E76E92C5b3658cdE1Ffe1,strategy,guardian,0x6615e67b8B6b6375D38A0A3f937cd8c1a1e96386,eth_guardian,False
native.bcrvIbBTC,0x6D4BA00Fd7BB73b5aa5b3D6180c6f1B0c89f70D1,strategy,governance,0xB65cef03b9B89f99517643226d76e286ee999e77,bridge_badger_multisig,True
native.bcrvIbBTC,0x6D4BA00Fd7BB73b5aa5b3D6180c6f1B0c89f70D1,strategy,strategist,0x86cbD0ce0c087b482782c181dA8d191De18C8275,eth_badger_wallets_techops_multisig,False
native.bcrvIbBTC,0x6D4BA00Fd7BB73b5aa5b3D6180c6f1B0c89f70D1,strategy,guardian,0x6615e67b8B6b6375D38A0A3f937cd8c1a1e96386,eth_guardian,False
native.remDigg,0x4055D395361E73530D43c9D4F18b0668fe4B5b91,strategy,governance,0xB65cef03b9B89f99517643226d76e286ee999e77,bridge_badger_multisig,True
native.remDigg,0x4055D395361E73530D43c9D4F18b0668fe4B5b91,strategy,strategist,0xB65cef03b9B89f99517643226d76e286ee999e77,bridge_badger_multisig,True
native.remDigg,0x4055D395361E73530D43c9D4F18b0668fe4B5b91,strategy,guardian,0x6615e67b8B6b6375D38A0A3f937cd8c1a1e96386,eth_guardian,False
native.bcrvBadger,0x1905FD2D2D09792eE058C2b46a05F11630a1EcA1,strategy,governance,0xB65cef03b9B89f99517643226d76e286ee999e77,bridge_badger_multisig,True
native.bcrvBadger,0x1905FD2D2D09792eE058C2b46a05F11630a1EcA1,strategy,strategist,0x86cbD0ce0c087b482782c181dA8d191De18C8275,eth_badger_wallets_techops_multisig,False
native.bcrvBadger,0x1905FD2D2D09792eE058C2b46a05F11630a1EcA1,strategy,guardian,0x6615e67b8B6b6375D38A0A3f937cd8c1a1e96386,eth_guardian,False
native.graviAURA,0x3c0989eF27e3e3fAb87a2d7C38B35880C90E63b5,strategy,governance,0xB65cef03b9B89f99517643226d76e286ee999e77,bridge_badger_multisig,True
native.graviAURA,0x3c0989eF27e3e3fAb87a2d7C38B35880C90E63b5,strategy,strategist,0x86cbD0ce0c087b482782c181dA8d191De18C8275,eth_badger_wallets_techops_multisig,False
native.graviAURA,0x3c0989eF27e3e3fAb87a2d7C38B35880C90E63b5,strategy,guardian,0x6615e67b8B6b6375D38A0A3f937cd8c1a1e96386,eth_guardian,False
native.bauraBal,0xfecb580dd17b54537B3965010335343fB6D8F894,strategy,governance,0xB65cef03b9B89f99517643226d76e286ee999e77,bridge_badger_multisig,True
native.bauraBal,0xfecb580dd17b54537B3965010335343fB6D8F894,strategy,strategist,0x86cbD0ce0c087b482782c181dA8d191De18C8275,eth_badger_wallets_techops_multisig,False
native.bauraBal,0xfecb580dd17b54537B3965010335343fB6D8F894,strategy,guardian,0x6615e67b8B6b6375D38A0A3f937cd8c1a1e96386,eth_guardian,False
native.b80BADGER_20WBTC,0xDF30a25B5DBCb8E19d05973661A729a07C1C65BF,strategy,governance,0xB65cef03b9B89f99517643226d76e286ee999e77,bridge_badger_multisig,True
native.b80BADGER_20WBTC,0xDF30a25B5DBCb8E19d05973661A729a07C1C65BF,strategy,strategist,0x86cbD0ce0c087b482782c181dA8d191De18C8275,eth_badger_wallets_techops_multisig,False
native.b80BADGER_20WBTC,0xDF30a25B5DBCb8E19d05973661A729a07C1C65BF,strategy,guardian,0x6615e67b8B6b6375D38A0A3f937cd8c1a1e96386,eth_guardian,False
native.b40WBTC_40DIGG_20graviAURA,0xC10bf5eC2e0d2A1A91E184ffEF228334B0c06023,strategy,governance,0xB65cef03b9B89f99517643226d76e286ee999e77,bridge_badger_multisig,True
native.b40WBTC_40DIGG_20graviAURA,0xC10bf5eC2e0d2A1A91E184ffEF228334B0c06023,strategy,strategist,0x86cbD0ce0c087b482782c181dA8d191De18C8275,eth_badger_wallets_techops_multisig,False
native.b40WBTC_40DIGG_20graviAURA,0xC10bf5eC2e0d2A1A91E184ffEF228334B0c06023,strategy,guardian,0x6615e67b8B6b6375D38A0A3f937cd8c1a1e96386,eth_guardian,False
native.bB_stETH_STABLE,0x1cC3731d8f30341EF4527E7da1B6a4DA88ef71DF,strategy,governance,0xB65cef03b9B89f99517643226d76e286ee999e77,bridge_badger_multisig,True
native.bB_stETH_STABLE,0x1cC3731d8f30341EF4527E7da1B6a4DA88ef71DF,strategy,strategist,0x86cbD0ce0c087b482782c181dA8d191De18C8275,eth_badger_wallets_techops_multisig,False
native.bB_stETH_STABLE,0x1cC3731d8f30341EF4527E7da1B6a4DA88ef71DF,strategy,guardian,0x6615e67b8B6b6375D38A0A3f937cd8c1a1e96386,eth_guardian,False
native.bB-rETH-STABLE,0xE6153AdD9913c7D25a6d475acFfACc5Eb570D8bE,strategy,governance,0xB65cef03b9B89f99517643226d76e286ee999e77,bridge_badger_multisig,True
native.bB-rETH-STABLE,0xE6153AdD9913c7D25a6d475acFfACc5Eb570D8bE,strategy,strategist,0x86cbD0ce0c087b482782c181dA8d191De18C8275,eth_badger_wallets_techops_multisig,False
native.bB-rETH-STABLE,0xE6153AdD9913c7D25a6d475acFfACc5Eb570D8bE,strategy,guardian,0x6615e67b8B6b6375D38A0A3f937cd8c1a1e96386,eth_guardian,False
native,0x63cF44B2548e4493Fd099222A1eC79F3344D9682,controller,governance,0x21CF9b77F88Adf8F8C98d7E33Fe601DC57bC0893,eth_governance_timelock,False
native,0x63cF44B2548e4493Fd099222A1eC79F3344D9682,controller,strategist,0xB65cef03b9B89f99517643226d76e286ee999e77,bridge_badger_multisig,True
harvest,0x30392694C25fbBE5C026CF846e9b6525A2aC3eC8,controller,governance,0x21CF9b77F88Adf8F8C98d7E33Fe601DC57bC0893,eth_governance_timelock,False
harvest,0x30392694C25fbBE5C026CF846e9b6525A2aC3eC8,controller,strategist,0xB65cef03b9B89f99517643226d76e286ee999e77,bridge_badger_multisig,True
experimental,0x9b4efA18c0c6b4822225b81D150f3518160f8609,controller,governance,0x21CF9b77F88Adf8F8C98d7E33Fe601DC57bC0893,eth_governance_timelock,False
experimental,0x9b4efA18c0c6b4822225b81D150f3518160f8609,controller,strategist,0xB65cef03b9B89f99517643226d76e286ee999e77,bridge_badger_multisig,True
mstable,0xd35ff2C170CC1e44de4EDdC9f2Fc425C16670250,controller,governance,0xCa045cC466f14C33a516D98abcab5C55C2f5112c,eth_badger_wallets_mstableBadgerShared,False
mstable,0xd35ff2C170CC1e44de4EDdC9f2Fc425C16670250,controller,strategist,0xCa045cC466f14C33a516D98abcab5C55C2f5112c,eth_badger_wallets_mstableBadgerShared,False
bbveCVX-CVX-f,0x0c41A8613fbeFCC8d6e5dF1020DBb336F875247F,controller,governance,0xB65cef03b9B89f99517643226d76e286ee999e77,bridge_badger_multisig,True
bbveCVX-CVX-f,0x0c41A8613fbeFCC8d6e5dF1020DBb336F875247F,controller,strategist,0xB65cef03b9B89f99517643226d76e286ee999e77,bridge_badger_multisig,True
ibBTCCrv,0xe505F7C2FFcce7Ae4b076456BC02A70D8fe8d4d2,controller,governance,0xB65cef03b9B89f99517643226d76e286ee999e77,bridge_badger_multisig,True
ibBTCCrv,0xe505F7C2FFcce7Ae4b076456BC02A70D8fe8d4d2,controller,strategist,0xB65cef03b9B89f99517643226d76e286ee999e77,bridge_badger_multisig,True
restitution,0x3F61344BA56df00dad9bBcA05d98CA2AeC43Ba0B,controller,governance,0xB65cef03b9B89f99517643226d76e286ee999e77,bridge_badger_multisig,True
restitution,0x3F61344BA56df00dad9bBcA05d98CA2AeC43Ba0B,controller,strategist,0xB65cef03b9B89f99517643226d76e286ee999e77,bridge_badger_multisig,True
bcrvBadger,0xa54d8a596B4022CC4436b692C8ea0E342405eB6e,controller,governance,0xB65cef03b9B89f99517643226d76e286ee999e77,bridge_badger_multisig,True
bcrvBadger,0xa54d8a596B4022CC4436b692C8ea0E342405eB6e,controller,strategist,0xB65cef03b9B89f99517643226d76e286ee999e77,bridge_badger_multisig,True
governance_timelock,0x21CF9b77F88Adf8F8C98d7E33Fe601DC57bC0893,infrastructure,admin,0xB65cef03b9B89f99517643226d76e286ee999e77,bridge_badger_multisig,True
governance_timelock,0x21CF9b77F88Adf8F8C98d7E33Fe601DC57bC0893,infrastructure,guardian,0x576cD258835C529B54722F84Bb7d4170aA932C64,eth_badger_wallets_ops_multisig_old,False
EmissionControl,0x31825c0A6278b89338970e3eB979b05B27FAa263,infrastructure,owner,0x86cbD0ce0c087b482782c181dA8d191De18C8275,eth_badger_wallets_techops_multisig,False
registry,0xFda7eB6f8b7a9e9fCFd348042ae675d1d652454f,infrastructure,governance,0x86cbD0ce0c087b482782c181dA8d191De18C8275,eth_badger_wallets_techops_multisig,False
registry_v2,0xdc602965F3e5f1e7BAf2446d5564b407d5113A06,infrastructure,governance,0x86cbD0ce0c087b482782c181dA8d191De18C8275,eth_badger_wallets_techops_multisig,False
GatedMiniMeController,0xdDB2dfad74F64F14bb1A1cbaB9C03bc0eed74493,infrastructure,owner,0xB65cef03b9B89f99517643226d76e286ee999e77,bridge_badger_multisig,True
harvest_forwarder,0xA84B663837D94ec41B0f99903f37e1d69af9Ed3E,infrastructure,owner,0x75AA078424AF64210967ed382CC7BaBee4Bac3bE,Unknown,False
digg_monetary_policy,0x327a78D13eA74145cc0C63E6133D516ad3E974c3,infrastructure,owner,0xB65cef03b9B89f99517643226d76e286ee999e77,bridge_badger_multisig,True
badgerhunt,0x394DCfbCf25C5400fcC147EbD9970eD34A474543,wallet,owner,0xB65cef03b9B89f99517643226d76e286ee999e77,bridge_badger_multisig,True
rewards_escrow,0x19d099670a21bC0a8211a89B84cEdF59AbB4377F,wallet,owner,0xB65cef03b9B89f99517643226d76e286ee999e77,bridge_badger_multisig,True
devProxyAdmin,0x20Dce41Acca85E8222D6861Aa6D23B6C941777bF,wallet,owner,0x21CF9b77F88Adf8F8C98d7E33Fe601DC57bC0893,eth_governance_timelock,False
devUngatedProxyAdmin,0x9215cBDCDe25629d0e3D69ee5562d1b444Cf69F9,wallet,owner,0xB65cef03b9B89f99517643226d76e286ee999e77,bridge_badger_multisig,True
testProxyAdmin,0xB10b3Af646Afadd9C62D663dd5d226B15C25CdFA,wallet,owner,0x55949F769d0aF7453881435612561D109fFF07B8,eth_badger_wallets_test_multisig_1,False
techOpsProxyAdmin,0x7D0398D7D7432c47Dffc942Cd097B9eA3d88C385,wallet,owner,0x86cbD0ce0c087b482782c181dA8d191De18C8275,eth_badger_wallets_techops_multisig,False
opsProxyAdmin_old,0x4599F2913a3db4E73aA77A304cCC21516dd7270D,wallet,owner,0x576cD258835C529B54722F84Bb7d4170aA932C64,eth_badger_wallets_ops_multisig_old,False
mStableSharedProxyAdmin,0x3cd782379cE010fcda43983B490A99f43AACE0c0,wallet,owner,0xCa045cC466f14C33a516D98abcab5C55C2f5112c,eth_badger_wallets_mstableBadgerShared,False
rewardsEscrow,0xBE838aE7f6Ba97e7Eb545a3f43eE96FfBb3184DC,wallet,owner,0xB65cef03b9B89f99517643226d76e286ee999e77,bridge_badger_multisig,True
gas_station,0x04C0205b9D900a49597d9a0345aEAD6D73307C3B,wallet,owner,0x86cbD0ce0c087b482782c181dA8d191De18C8275,eth_badger_wallets_techops_multisig,False
upkeep_manager,0x4c02f0160Dc0387b13bCb5e1728C780649E109Ac,wallet,governance,0x86cbD0ce0c087b482782c181dA8d191De18C8275,eth_badger_wallets_techops_multisig,False
